<?xml version="1.0" encoding="UTF-8"?>

<beans xmlns="http://www.springframework.org/schema/beans"
       xmlns:xsi="http://www.w3.org/2001/XMLSchema-instance"
       xmlns:context="http://www.springframework.org/schema/context"
       xmlns:tx="http://www.springframework.org/schema/tx"
       xsi:schemaLocation="http://www.springframework.org/schema/beans 
  http://www.springframework.org/schema/beans/spring-beans-2.5.xsd
  http://www.springframework.org/schema/aop 
  http://www.springframework.org/schema/aop/spring-aop-2.5.xsd
  http://www.springframework.org/schema/context 
  http://www.springframework.org/schema/context/spring-context-2.5.xsd
  http://www.springframework.org/schema/tx 
  http://www.springframework.org/schema/tx/spring-tx-3.0.xsd">

    
    <context:component-scan base-package="com.mycompany.rest.dao"/>
    <tx:annotation-driven transaction-manager="transactionManager"/> 

    <!--
    <bean id = "helloWorld" class = "com.mycompany.dao.Student">
        <property name = "message" value = "Hello World!"/>
    </bean>
   
    <bean id = "student2" class = "com.mycompany.dao.Student">
        <property name = "first_name" value = "Karen"/>
        <property name = "last_name" value = "Nogueira"/>
        <property name = "dob" value = "05/24"/>
        <property name = "address" ref = "address"/>
        <property name = "grade" ref = "grade"/>
    </bean>
    
    <bean id="address" class="com.mycompany.dao.Address"> 
        <property name="street" value="1600 street" />
        <property name="zip" value="77077" />
        <property name="city" value="Houston" />
    </bean>
    <bean id="grade" class="com.mycompany.dao.Grade" >
        <property name="subject" value="Advanced Java" />
        <property name="letter_grade" value="A" />
    </bean>
    -->
    
    <!--Entity Manager-->
    <bean id="entityManagerFactory"
          class="org.springframework.orm.jpa.LocalEntityManagerFactoryBean">
        <property name="persistenceUnitName" value="student-unit"/>
    </bean>
    <!--Transaction Manager-->
    <bean id="transactionManager"
          class="org.springframework.orm.jpa.JpaTransactionManager">
        <property name="entityManagerFactory" ref="entityManagerFactory"/>
    </bean>
    <!--
    <bean id="entityManagerFactory" class="org.springframework.orm.jpa.LocalContainerEntityManagerFactoryBean">
        <property name="persistenceUnitName" value="student-unit" />
    </bean>

    <bean id="transactionManager" class="org.springframework.orm.jpa.JpaTransactionManager">
        <property name="entityManagerFactory" ref="entityManagerFactory" />
    </bean>
    -->
    <bean id="studentDAO" class="com.mycompany.rest.dao.StudentDAO"/> 

</beans>